dato,aar,maaned,fargetall_mg_pt_l,turbiditet_fnu,totalfosfor_ug_l,ortofosfat_ug_l,totalnitrogen_ug_l,ph,jern_ug_l,mangan_ug_l,e_coli_per_100ml,koliforme_bakterier_per_100ml,intestinale_enterokokker_per_100ml,kimtall_22c_per_100ml,clostridium_perfringens_per_100ml
2011-10-18,2011,10,52.0,0.53,3.0,2.0,440.0,6.2,140.7,14.3,1.0,1.0,1.0,60.0,
2012-05-02,2012,5,42.0,0.97,9.0,2.0,560.0,6.2,176.0,12.5,1.0,1.0,1.0,210.0,
2012-05-22,2012,5,40.0,1.4,6.0,2.0,480.0,6.3,137.0,19.6,1.0,1.0,1.0,30.0,
2012-06-19,2012,6,33.0,0.58,5.0,2.0,420.0,6.8,88.0,8.1,2.0,200.0,1.0,160.0,
2012-07-24,2012,7,32.0,0.64,2.0,2.0,400.0,6.6,94.7,5.9,1.0,200.0,1.0,70.0,
2012-08-21,2012,8,30.0,0.6,8.0,2.0,400.0,6.5,67.5,6.4,1.0,5.0,1.0,130.0,
2012-09-19,2012,9,29.0,0.49,11.0,2.0,440.0,6.9,60.6,5.2,1.0,10.0,1.0,50.0,
2012-10-23,2012,10,35.0,1.1,8.0,3.0,490.0,6.4,99.9,8.8,6.0,2000.0,4.0,170.0,
2013-05-07,2013,5,40.0,0.5,7.0,5.0,520.0,6.4,154.0,24.4,1.0,1.0,1.0,190.0,
2013-05-29,2013,5,45.0,1.1,8.0,2.0,390.0,6.2,181.0,29.8,1.0,15.0,1.0,170.0,
2013-06-18,2013,6,48.0,1.0,15.0,2.0,450.0,6.4,105.0,25.8,1.0,100.0,1.0,210.0,
2013-07-24,2013,7,54.0,0.59,14.0,2.0,380.0,6.5,73.1,11.3,100.0,300.0,1.0,50.0,
2013-08-20,2013,8,37.0,0.55,3.0,2.0,400.0,6.5,57.4,7.9,1.0,1.0,1.0,11.0,
2013-09-17,2013,9,35.0,0.78,4.0,2.0,450.0,6.5,45.9,4.8,1.0,4.0,1.0,70.0,
2013-10-22,2013,10,38.0,0.53,9.0,2.0,420.0,6.3,109.0,14.5,1.0,1.0,1.0,50.0,
2014-04-29,2014,4,36.0,0.83,9.0,2.0,360.0,6.2,109.0,19.2,1.0,1.0,1.0,20.0,
2014-05-27,2014,5,35.0,2.9,19.0,11.0,1300.0,6.7,113.0,12.5,1.0,1.0,1.0,140.0,
2014-06-25,2014,6,31.0,0.55,13.0,9.0,370.0,6.4,49.6,8.9,1.0,1.0,1.0,80.0,
2014-07-29,2014,7,33.0,0.76,4.0,4.0,300.0,6.4,61.8,4.7,1.0,4.0,1.0,130.0,
2014-08-19,2014,8,29.0,1.9,10.0,2.0,1000.0,6.5,28.2,6.9,1.0,1.0,1.0,570.0,
2014-09-16,2014,9,25.0,0.85,8.0,2.0,320.0,6.6,40.1,6.8,2.0,2.0,1.0,180.0,
2014-10-21,2014,10,33.0,7.0,9.0,2.0,520.0,6.7,73.3,15.5,5.0,11.0,6.0,380.0,
2015-04-28,2015,4,39.0,0.47,13.0,2.0,520.0,6.4,109.0,6.1,1.0,1.0,1.0,120.0,
2015-05-26,2015,5,39.0,0.51,6.0,2.0,760.0,6.7,98.6,14.8,1.0,1.0,1.0,50.0,
2015-06-23,2015,6,34.0,0.51,6.0,2.0,350.0,6.6,121.0,20.5,1.0,1.0,1.0,11.0,
2015-07-28,2015,7,31.0,0.45,9.0,2.0,430.0,6.7,41.8,10.1,1.0,4.0,3.0,40.0,
2015-08-19,2015,8,32.0,0.64,2.0,2.0,480.0,6.7,74.5,10.2,1.0,1.0,1.0,11.0,
2015-09-23,2015,9,46.0,0.91,17.0,2.0,340.0,5.6,109.0,10.1,16.0,16.0,2.0,11.0,
2015-10-20,2015,10,55.0,1.5,6.0,2.0,400.0,6.4,140.0,,1.0,4.0,1.0,40.0,
2016-05-03,2016,5,40.0,0.69,2.0,2.0,380.0,6.9,141.0,14.0,1.0,1.0,1.0,50.0,
2016-06-07,2016,6,36.0,1.5,5.0,2.0,350.0,6.9,101.0,14.9,1.0,1.0,1.0,50.0,
2016-06-28,2016,6,33.0,0.76,4.0,2.0,380.0,6.8,48.3,9.2,1.0,4.0,1.0,40.0,
2016-08-02,2016,8,28.0,0.46,18.0,2.0,370.0,6.6,30.9,5.0,1.0,3.0,1.0,11.0,
2016-08-23,2016,8,31.0,0.42,6.0,2.0,380.0,6.9,39.6,4.1,1.0,2.0,1.0,50.0,
2016-09-20,2016,9,29.0,0.32,2.0,2.0,370.0,6.3,27.5,5.4,3.0,4.0,2.0,30.0,
2016-10-25,2016,10,29.0,0.87,11.0,3.0,350.0,6.7,50.3,6.8,1.0,1.0,1.0,30.0,
2017-05-03,2017,5,37.0,0.3,2.0,2.0,610.0,6.4,86.6,10.7,1.0,3.0,1.0,11.0,
2017-05-30,2017,5,37.0,0.89,21.0,2.0,380.0,6.5,117.0,11.4,1.0,1.0,1.0,120.0,
2017-06-27,2017,6,44.0,0.51,10.0,4.0,360.0,6.8,90.0,14.5,2.0,2.0,1.0,11.0,
2017-08-01,2017,8,34.0,0.14,16.0,2.0,660.0,6.8,50.4,6.7,1.0,1.0,1.0,20.0,
2017-08-29,2017,8,22.0,0.29,5.0,2.0,470.0,6.8,38.3,4.7,1.0,1.0,1.0,11.0,
2017-09-26,2017,9,46.0,1.2,11.0,2.0,420.0,6.3,108.0,10.0,3.0,6.0,1.0,100.0,
2017-10-25,2017,10,43.0,0.55,5.0,2.0,370.0,6.7,92.1,8.4,1.0,2.0,1.0,220.0,
2018-05-08,2018,5,43.0,0.75,5.0,2.0,430.0,6.5,119.0,22.3,1.0,1.0,1.0,130.0,1.0
2018-05-29,2018,5,38.0,0.91,6.0,2.0,410.0,6.7,129.0,21.6,3.0,12.0,1.0,680.0,1.0
2018-06-26,2018,6,34.0,0.41,6.0,4.0,440.0,6.86,57.4,14.6,1.0,1.0,1.0,11.0,1.0
2018-07-31,2018,7,28.0,0.41,3.0,2.0,390.0,6.9,38.5,6.9,7.0,480.0,3.0,50.0,3.0
2018-08-21,2018,8,28.0,0.41,4.0,2.0,370.0,6.8,31.6,4.1,1.0,201.0,4.0,50.0,1.0
2018-09-18,2018,9,27.0,0.42,3.0,3.0,350.0,6.8,41.5,8.3,4.0,201.0,2.0,160.0,1.0
2018-10-23,2018,10,28.0,0.37,2.0,2.0,370.0,6.55,44.1,7.1,1.0,11.0,2.0,120.0,1.0
2019-04-30,2019,4,39.0,0.4,5.0,3.0,440.0,6.3,200.0,29.0,1.0,11.0,1.0,40.0,1.0
2019-05-28,2019,5,37.0,0.64,2.0,2.0,420.0,6.6,115.0,16.2,1.0,13.0,1.0,50.0,1.0
2019-06-25,2019,6,36.0,0.45,3.0,2.0,490.0,6.7,62.1,10.8,1.0,1.0,1.0,40.0,1.0
2019-07-30,2019,7,35.0,0.51,3.0,2.0,420.0,6.8,44.4,4.8,6.0,44.0,1.0,10.0,1.0
2019-08-20,2019,8,31.0,0.59,2.0,2.0,370.0,6.6,56.3,5.8,5.0,180.0,2.0,11.0,1.0
2019-09-18,2019,9,37.0,0.37,5.0,2.0,420.0,6.5,66.6,8.0,2.0,37.0,1.0,20.0,1.0
2019-10-23,2019,10,45.0,0.38,8.0,4.0,430.0,6.5,137.0,15.9,2.0,20.0,1.0,150.0,1.0
2020-04-21,2020,4,51.0,0.36,5.0,2.0,420.0,6.4,201.0,9.7,1.0,1.0,1.0,60.0,2.0
2020-05-26,2020,5,36.0,0.44,5.0,3.0,430.0,6.6,108.0,9.7,1.0,2.0,1.0,11.0,1.0
2020-06-23,2020,6,26.0,0.46,6.0,2.0,370.0,6.7,69.3,9.8,1.0,35.0,1.0,11.0,1.0
2020-08-04,2020,8,31.0,0.56,7.0,2.0,340.0,6.7,90.7,9.7,5.0,40.0,1.0,40.0,1.0
2020-09-02,2020,9,28.0,0.53,4.0,2.0,350.0,6.7,54.5,6.3,1.0,201.0,1.0,50.0,1.0
2020-09-29,2020,9,33.0,0.47,6.0,2.0,380.0,6.8,79.0,9.2,10.0,65.0,4.0,200.0,1.0
2020-10-27,2020,10,39.0,0.22,5.0,2.0,420.0,6.7,96.4,11.7,1.0,16.0,3.0,70.0,1.0
2021-05-06,2021,5,34.0,0.49,10.0,2.0,410.0,6.5,149.0,25.6,1.0,5.0,1.0,20.0,1.0
2021-06-01,2021,6,29.0,0.48,9.0,2.0,400.0,6.7,94.4,17.6,1.0,36.0,1.0,40.0,1.0
2021-07-07,2021,7,25.0,0.31,4.0,3.0,380.0,6.6,69.6,11.8,12.0,60.0,1.0,11.0,1.0
2021-08-11,2021,8,35.0,0.59,3.0,4.0,320.0,6.7,67.2,7.2,1.0,200.0,2.0,140.0,3.0
2021-09-07,2021,9,21.0,0.45,4.0,2.0,340.0,6.6,34.2,3.8,1.0,200.0,1.0,220.0,1.0
2021-10-05,2021,10,36.0,0.26,3.0,2.0,400.0,6.6,68.1,8.3,13.0,200.0,22.0,600.0,1.0
2021-11-02,2021,11,27.0,0.22,3.0,2.0,380.0,6.6,81.4,12.8,1.0,22.0,1.0,20.0,8.0
2022-05-03,2022,5,40.0,0.29,3.0,2.0,400.0,6.5,157.0,11.6,1.0,4.0,1.0,20.0,1.0
2022-05-31,2022,5,35.0,0.29,8.0,3.0,430.0,6.8,102.0,7.0,1.0,18.0,1.0,30.0,2.0
2022-06-28,2022,6,31.0,0.36,3.0,2.0,350.0,7.0,48.9,4.3,6.0,18.0,1.0,30.0,1.0
2022-08-09,2022,8,27.0,0.37,3.0,2.0,380.0,7.0,38.1,5.1,1.0,80.0,1.0,11.0,1.0
2022-09-06,2022,9,25.0,0.38,2.0,2.0,370.0,7.2,33.6,3.3,1.0,90.0,1.0,,1.0
2022-10-04,2022,10,26.0,0.4,6.0,3.0,440.0,7.1,46.9,8.8,14.0,150.0,4.0,,1.0
2022-11-01,2022,11,30.0,0.43,6.0,3.0,450.0,6.6,78.4,9.2,1.0,8.0,1.0,,1.0
